Warehouse ID/OrderID,1,2,3,4,5,6,7,8,9,10,11,12,13,14,15,16,17,18,19,20,21,22,23,24,25,26,27,28,29,30,31,32,33,34,35,36,37,38,39,40,41,42,43,44,45,46,47,48,49,50
1,32.41482164,5.563702754,45.7650943,26.40461287,13.30707948,23.19115243,35.49323838,48.50197677,23.03332183,5.568560078,53.54366552,31.17594228,32.18793374,41.23208335,38.83836315,18.94650795,53.3514008,22.97532417,46.27979959,15.2459299,13.31228593,11.84372237,24.5280356,27.14533452,32.6782271,52.65703064,15.31803332,46.21080735,8.915660244,7.007097627,10.52128514,28.85017684,30.41390925,5.890782213,10.63944135,12.54507741,24.58601407,13.31960459,41.04827339,21.62317476,14.01431052,36.47137688,54.7916714,25.95103605,39.86403122,42.45089336,49.68824334,14.12720902,45.40293497,15.66436806
2,29.30516445,38.76713391,10.08216213,21.34068992,52.23562849,36.8982506,34.47934522,16.74440867,20.00784905,34.85254165,29.11868051,27.0994783,37.49998661,23.30056243,44.32604399,25.85645733,20.93742266,41.17222909,25.88340669,24.61321769,29.32810338,38.96730308,15.15000056,13.09965141,9.586595977,14.67344882,26.76408759,10.79121678,42.64101955,46.66921377,49.56359315,10.82643261,17.27950971,42.91405964,35.04644707,37.49266602,24.38304933,52.97146486,24.98890048,18.04573871,37.71534277,30.58549795,18.53137196,23.09499349,25.80152587,31.34735873,29.68579473,34.02240891,21.12173837,24.73557591
3,23.15105211,28.93455033,18.5843749,13.32379997,41.83863855,27.9698807,28.60873372,23.79124768,12.63354612,24.80443117,31.37044656,23.69079877,30.37493652,21.75769755,37.87859552,17.87676624,26.60433647,31.9844305,25.93173434,14.64712888,20.11675452,29.93492424,5.223329233,5.291695559,7.964012722,23.56059692,16.44434722,19.20721472,32.2483573,36.41571992,39.17905643,1.959463284,14.12569217,32.50523111,25.80821841,28.59899325,15.89983973,42.72813421,25.96047594,7.887434523,27.62236293,25.60399043,26.365887,17.71635593,26.08891048,28.34394406,30.03373231,25.39621998,25.10745687,14.32102608
4,38.61736177,24.09383191,22.52176511,28.21298521,40.94230976,38.79264754,43.92308226,22.58431355,6.968898359,22.24399739,48.79974308,6.223579096,44.19011808,39.3176249,52.06321333,8.842616898,42.62601716,41.64193824,43.55334711,15.51357119,14.47706135,21.19139268,14.66144362,12.38958173,12.63551992,36.69942816,23.78399938,22.66877668,34.78023512,33.74222717,38.18396355,15.66925314,5.04392201,33.13386062,18.61999976,19.5322892,29.58518643,39.34318096,13.39848607,15.1810247,34.11841963,41.79000093,40.70183588,1.887270348,12.43444951,45.41381575,47.65521328,15.94238996,17.88786488,20.45339845
5,13.43238699,26.29836718,29.24536861,3.063331437,35.18831025,17.08114819,18.75533959,34.77006679,18.49271917,21.71537373,29.31562345,31.37243305,19.66414424,17.32606689,27.3791346,21.42006769,28.82032143,21.25718625,22.35289167,14.10196661,20.63635144,29.54481888,10.7493635,14.04261305,18.7419696,29.67027111,9.369155371,29.90311788,24.61360955,31.29108319,32.80223053,12.26692094,23.22985441,25.92223298,25.35507709,28.66863613,4.916778606,37.41253845,35.91155267,10.12790987,18.38312784,16.75603767,30.94829681,24.53871439,35.75173365,21.17243263,26.1412881,26.42804475,35.92098058,9.697400557
6,38.71177735,10.87757326,36.01095472,29.42667705,27.98783336,34.05278266,43.25143846,36.84911457,13.09359205,11.11480896,54.95460429,15.98910261,41.69418487,43.60998986,49.31263424,7.226841552,51.37830779,35.50657903,48.49443642,12.48308824,6.069796909,6.856592205,19.7518234,20.23856357,23.96668315,47.61594736,20.12370906,36.26992807,24.3178458,20.48552944,25.35643357,23.30219206,18.53651029,21.69277709,5.21729205,5.198167288,29.27984196,25.54174759,26.51499602,17.9272125,26.62589397,42.57352611,50.92296191,12.49396379,25.11111555,47.6103565,52.44687796,1.791700155,32.07338701,17.65603193
7,2.327678835,37.63453147,41.3314357,12.7386191,40.31723901,13.5589565,3.25064079,47.76100907,34.22823691,33.32495403,23.27295987,47.1315789,7.42756107,12.66450605,13.09297481,36.68180084,29.08400129,17.3982428,16.22193595,28.66248277,34.81203979,42.34226776,26.41664242,29.46087911,33.34991763,34.93044055,20.93080493,42.0384983,29.74230479,39.22207833,38.6927341,27.08335048,38.7883521,32.59633769,38.48924602,41.85062114,11.74818468,44.37181352,51.23546597,25.85289447,21.78510951,2.774343668,33.93514663,40.28291056,51.21361925,8.932027602,18.08321279,40.35818787,50.3491227,23.23437287
8,34.52672127,31.28101292,12.6833242,24.52105826,46.91526189,38.22094981,39.98595169,14.93554258,10.8832166,28.22732257,40.19115775,15.10558229,41.54961028,32.2353328,49.1594463,16.3861053,32.8623518,41.87798912,35.83625187,18.76707594,21.1989345,29.91126175,11.92949211,8.251742096,3.538351434,26.27608308,24.60987956,12.9854959,38.86982147,40.34566112,44.13490678,9.744842977,5.481528313,38.13249123,26.52482496,28.30051849,26.82602504,46.41664181,14.70133474,14.29874346,36.03028093,36.96393668,30.42275575,11.77635788,15.02424147,39.39311074,39.86989946,24.65066377,14.07417059,21.58228788
9,39.4282411,18.11551089,59.65790968,36.57759315,1,27.16707425,40.78394478,62.63696717,37.20682095,19.74441549,62.52155435,44.83886221,36.06337842,50.28903547,40.67217906,33.03982543,64.3177961,24.53154423,55.10774884,29.10749955,27.42425062,23.23109869,37.98136271,40.90051485,46.58161181,65.04605075,26.72363613,60.13243633,11.23498495,8.541907911,3.68455385,42.24294731,44.5990233,10.02814606,23.82635853,24.5420534,33.99789097,6.586916494,55.00729566,35.0431981,18.88319221,43.16800541,66.62829457,40.00967389,53.7499022,49.37184867,57.94197676,27.17852041,59.56705374,28.23621042
10,32.04631938,14.26780193,52.7015317,28.81882646,7.350548019,20.31111883,33.82209397,56.09298741,30.98508429,14.20577327,54.91543175,40.03288251,29.44809128,42.64132582,34.85730202,27.52164278,56.55777335,18.40800954,47.50391204,22.39046851,21.9268322,20.36554982,30.80779033,33.91399175,39.70013219,57.39064661,19.08800326,53.20774341,3.539588912,7.751998969,5.477582081,34.99811493,38.48832199,3.192861142,19.61054754,21.28842537,26.26122417,11.3071107,49.67923725,27.88344718,11.44502754,35.88592547,58.89986178,34.52508643,48.56514693,42.0861561,50.43580211,23.09943515,53.62022989,20.83123048
