Warehouse ID/Order ID,1,2,3,4,5,6,7,8,9,10,11,12,13,14,15,16,17,18,19,20,21,22,23,24,25,26,27,28,29,30,31,32,33,34,35,36,37,38,39,40,41,42,43,44,45,46,47,48,49,50
1,57,52,88,51,62,61,95,57,80,63,96,53,93,51,84,77,89,56,66,54,64,54,91,69,72,77,61,53,82,79,52,88,56,94,75,62,66,72,96,80,86,60,94,93,63,99,53,100,93,60
2,60,71,83,66,57,88,78,92,61,50,80,93,76,86,82,69,91,72,74,92,66,59,85,94,50,79,97,55,71,97,52,84,67,58,65,98,80,72,89,68,93,72,87,90,89,58,95,69,74,97
3,76,91,55,50,88,62,94,71,60,65,64,90,78,74,95,93,86,76,52,75,94,86,76,99,92,95,52,60,78,54,66,94,60,78,83,81,85,88,98,50,52,81,70,69,79,53,76,62,85,90
4,55,96,58,50,75,93,76,70,50,63,50,95,98,50,93,83,89,56,62,57,88,91,62,69,67,94,61,56,80,75,90,55,51,67,78,100,57,66,58,91,83,91,91,72,57,59,67,51,52,52
5,63,93,66,85,70,73,86,52,97,94,88,91,81,95,91,79,90,77,73,84,61,63,74,87,68,50,58,59,67,71,71,100,73,95,55,71,99,89,52,52,67,60,59,87,68,73,75,85,58,68
6,57,80,96,65,53,69,61,83,96,54,69,75,71,69,76,56,56,85,80,80,71,71,57,80,57,94,81,77,52,69,71,97,93,59,60,90,86,74,90,55,54,55,62,97,64,53,74,50,56,75
7,85,83,68,78,81,100,87,95,93,63,77,55,73,64,66,87,99,60,77,62,72,57,54,94,51,83,78,98,93,62,57,81,75,66,63,91,52,63,89,59,56,62,79,74,73,84,59,56,88,81
8,59,86,75,90,93,77,83,81,93,70,81,81,90,92,62,84,89,64,50,71,95,97,70,70,52,83,59,66,88,100,59,74,87,68,95,95,80,54,55,83,52,54,64,58,52,69,50,98,78,71
9,60,59,91,79,73,82,74,83,82,52,86,55,93,100,83,98,88,54,97,77,98,63,68,84,88,76,80,100,74,88,87,64,51,92,50,97,61,69,82,86,66,71,54,81,66,69,99,76,74,74
10,53,60,91,58,65,68,96,71,53,52,80,76,59,81,88,95,55,93,94,59,72,76,52,89,79,74,79,53,56,80,99,59,51,52,88,89,58,90,70,56,94,85,91,72,62,74,100,99,99,81
